ts,host,cpu_pct,mem_used_kb,mem_total_kb,mem_pct,load1,load5,load15,mid_pid,mid_cpu_pct,mid_rss_kb,mid_threads
2026-06-03T07:22:51Z,mid-server-aws-zabbix-stg-1,100.0,2971780,8011320,37.1,0.24,0.57,0.66,623638,0.1,86524,23
2026-06-03T07:22:56Z,mid-server-aws-zabbix-stg-1,53.1,2973672,8011320,37.1,0.22,0.56,0.65,623638,0.1,86524,23
2026-06-03T07:23:01Z,mid-server-aws-zabbix-stg-1,54.5,2973924,8011320,37.1,0.56,0.62,0.67,623638,0.1,86524,23
2026-06-03T07:23:06Z,mid-server-aws-zabbix-stg-1,3.2,2968752,8011320,37.1,0.52,0.61,0.67,623638,0.1,86524,23
2026-06-03T07:23:12Z,mid-server-aws-zabbix-stg-1,100.0,2968700,8011320,37.1,0.48,0.60,0.67,623638,0.1,86524,23
2026-06-03T07:23:17Z,mid-server-aws-zabbix-stg-1,3.2,2968700,8011320,37.1,0.44,0.59,0.66,623638,0.1,86524,23
2026-06-03T07:23:22Z,mid-server-aws-zabbix-stg-1,43.3,2967236,8011320,37.0,0.48,0.60,0.66,623638,0.1,86524,23
2026-06-03T07:23:27Z,mid-server-aws-zabbix-stg-1,54.8,2967232,8011320,37.0,0.45,0.59,0.66,623638,0.1,86524,23
2026-06-03T07:23:33Z,mid-server-aws-zabbix-stg-1,53.1,2963904,8011320,37.0,0.49,0.59,0.66,623638,0.1,86524,23
2026-06-03T07:23:38Z,mid-server-aws-zabbix-stg-1,53.1,2964648,8011320,37.0,0.53,0.60,0.66,623638,0.1,86524,23
2026-06-03T07:23:43Z,mid-server-aws-zabbix-stg-1,40.5,2963896,8011320,37.0,0.57,0.61,0.67,623638,0.1,86524,23
2026-06-03T07:23:48Z,mid-server-aws-zabbix-stg-1,3.2,2963896,8011320,37.0,0.52,0.60,0.66,623638,0.1,86524,23
2026-06-03T07:23:53Z,mid-server-aws-zabbix-stg-1,3.2,2963896,8011320,37.0,0.48,0.59,0.66,623638,0.1,86524,23
2026-06-03T07:23:59Z,mid-server-aws-zabbix-stg-1,3.2,2963888,8011320,37.0,0.44,0.58,0.65,623638,0.1,86524,23
2026-06-03T07:24:04Z,mid-server-aws-zabbix-stg-1,3.2,2963888,8011320,37.0,0.41,0.57,0.65,623638,0.1,86524,23
2026-06-03T07:24:09Z,mid-server-aws-zabbix-stg-1,3.2,2963880,8011320,37.0,0.37,0.56,0.65,623638,0.1,86524,23
2026-06-03T07:24:14Z,mid-server-aws-zabbix-stg-1,50.0,2961496,8011320,37.0,0.42,0.57,0.65,623638,0.1,86524,23
2026-06-03T07:24:19Z,mid-server-aws-zabbix-stg-1,51.6,2961452,8011320,37.0,0.39,0.56,0.64,623638,0.1,86524,23
2026-06-03T07:24:25Z,mid-server-aws-zabbix-stg-1,54.8,2961452,8011320,37.0,0.44,0.56,0.65,623638,0.1,86524,23
2026-06-03T07:24:30Z,mid-server-aws-zabbix-stg-1,53.1,2970544,8011320,37.1,0.48,0.57,0.65,623638,0.1,86524,23
2026-06-03T07:24:35Z,mid-server-aws-zabbix-stg-1,51.7,2970492,8011320,37.1,0.53,0.58,0.65,623638,0.1,86524,23
2026-06-03T07:24:40Z,mid-server-aws-zabbix-stg-1,54.8,2970488,8011320,37.1,0.64,0.60,0.66,623638,0.1,86524,23
2026-06-03T07:24:46Z,mid-server-aws-zabbix-stg-1,53.1,2970484,8011320,37.1,0.67,0.61,0.66,623638,0.1,86524,23
2026-06-03T07:24:51Z,mid-server-aws-zabbix-stg-1,53.1,2970484,8011320,37.1,0.70,0.62,0.66,623638,0.1,86524,23
2026-06-03T07:24:56Z,mid-server-aws-zabbix-stg-1,53.1,2970484,8011320,37.1,0.72,0.62,0.66,623638,0.1,86524,23
2026-06-03T07:25:01Z,mid-server-aws-zabbix-stg-1,6.2,2968852,8011320,37.1,0.75,0.63,0.67,623638,0.1,86524,23
2026-06-03T07:25:06Z,mid-server-aws-zabbix-stg-1,100.0,2968852,8011320,37.1,0.63,0.61,0.66,623638,0.1,86524,23
2026-06-03T07:25:12Z,mid-server-aws-zabbix-stg-1,100.0,2969092,8011320,37.1,0.66,0.62,0.66,623638,0.1,86524,23
2026-06-03T07:25:17Z,mid-server-aws-zabbix-stg-1,100.0,2969088,8011320,37.1,0.61,0.60,0.66,623638,0.1,86524,23
2026-06-03T07:25:22Z,mid-server-aws-zabbix-stg-1,100.0,2970340,8011320,37.1,0.72,0.63,0.66,623638,0.1,86524,23
2026-06-03T07:25:27Z,mid-server-aws-zabbix-stg-1,50.0,2971596,8011320,37.1,0.74,0.63,0.66,623638,0.1,86524,23
2026-06-03T07:25:33Z,mid-server-aws-zabbix-stg-1,54.8,2976008,8011320,37.1,0.68,0.62,0.66,623638,0.1,86524,23
2026-06-03T07:25:38Z,mid-server-aws-zabbix-stg-1,53.1,2976512,8011320,37.2,0.71,0.63,0.66,623638,0.1,86524,23
2026-06-03T07:25:43Z,mid-server-aws-zabbix-stg-1,56.2,2976508,8011320,37.2,0.73,0.64,0.66,623638,0.1,86524,23
2026-06-03T07:25:48Z,mid-server-aws-zabbix-stg-1,53.1,2987844,8011320,37.3,0.75,0.64,0.67,623638,0.1,86524,23
2026-06-03T07:25:54Z,mid-server-aws-zabbix-stg-1,54.8,2985184,8011320,37.3,0.77,0.65,0.67,623638,0.1,86524,23
2026-06-03T07:25:59Z,mid-server-aws-zabbix-stg-1,50.0,2985156,8011320,37.3,0.79,0.66,0.67,623638,0.1,86524,23
2026-06-03T07:26:04Z,mid-server-aws-zabbix-stg-1,53.1,2985152,8011320,37.3,0.81,0.66,0.67,623638,0.1,86524,23
2026-06-03T07:26:09Z,mid-server-aws-zabbix-stg-1,53.1,2985152,8011320,37.3,0.82,0.67,0.67,623638,0.1,86524,23
2026-06-03T07:26:14Z,mid-server-aws-zabbix-stg-1,54.8,2985152,8011320,37.3,0.84,0.67,0.68,623638,0.1,86524,23
2026-06-03T07:26:20Z,mid-server-aws-zabbix-stg-1,53.1,2985152,8011320,37.3,0.85,0.68,0.68,623638,0.1,86524,23
2026-06-03T07:26:25Z,mid-server-aws-zabbix-stg-1,54.8,2985152,8011320,37.3,0.86,0.68,0.68,623638,0.1,86524,23
2026-06-03T07:26:30Z,mid-server-aws-zabbix-stg-1,50.0,2985152,8011320,37.3,0.88,0.69,0.68,623638,0.1,86524,23
2026-06-03T07:26:35Z,mid-server-aws-zabbix-stg-1,50.0,2985152,8011320,37.3,0.89,0.69,0.68,623638,0.1,86524,23
2026-06-03T07:26:41Z,mid-server-aws-zabbix-stg-1,53.3,2985148,8011320,37.3,0.89,0.70,0.69,623638,0.1,86524,23
2026-06-03T07:26:46Z,mid-server-aws-zabbix-stg-1,53.1,2985144,8011320,37.3,0.90,0.71,0.69,623638,0.1,86524,23
2026-06-03T07:26:51Z,mid-server-aws-zabbix-stg-1,6.2,2983080,8011320,37.2,0.91,0.71,0.69,623638,0.1,86524,23
2026-06-03T07:26:56Z,mid-server-aws-zabbix-stg-1,3.2,2983080,8011320,37.2,0.84,0.70,0.69,623638,0.1,86524,23
2026-06-03T07:27:01Z,mid-server-aws-zabbix-stg-1,3.2,2983076,8011320,37.2,0.77,0.69,0.68,623638,0.1,86524,23
2026-06-03T07:27:07Z,mid-server-aws-zabbix-stg-1,6.2,2983076,8011320,37.2,0.80,0.70,0.69,623638,0.1,86524,23
2026-06-03T07:27:12Z,mid-server-aws-zabbix-stg-1,54.5,2984828,8011320,37.3,0.82,0.70,0.69,623638,0.1,86524,23
2026-06-03T07:27:17Z,mid-server-aws-zabbix-stg-1,53.1,2981480,8011320,37.2,0.83,0.71,0.69,623638,0.1,86524,23
2026-06-03T07:27:22Z,mid-server-aws-zabbix-stg-1,53.1,2975904,8011320,37.1,0.84,0.71,0.69,623638,0.1,86524,23
2026-06-03T07:27:28Z,mid-server-aws-zabbix-stg-1,3.2,2975904,8011320,37.1,0.86,0.72,0.69,623638,0.1,86524,23
2026-06-03T07:27:33Z,mid-server-aws-zabbix-stg-1,56.2,2975900,8011320,37.1,0.87,0.72,0.70,623638,0.1,86524,23
2026-06-03T07:27:38Z,mid-server-aws-zabbix-stg-1,56.2,2970636,8011320,37.1,0.88,0.73,0.70,623638,0.1,86524,23
2026-06-03T07:27:43Z,mid-server-aws-zabbix-stg-1,50.0,2967744,8011320,37.0,0.89,0.73,0.70,623638,0.1,86524,23
2026-06-03T07:27:48Z,mid-server-aws-zabbix-stg-1,53.3,2967440,8011320,37.0,0.90,0.74,0.70,623638,0.1,86524,23
2026-06-03T07:27:54Z,mid-server-aws-zabbix-stg-1,54.8,2951604,8011320,36.8,0.91,0.74,0.70,623638,0.1,86524,23
2026-06-03T07:27:59Z,mid-server-aws-zabbix-stg-1,58.1,2951600,8011320,36.8,0.91,0.75,0.71,623638,0.1,86524,23
2026-06-03T07:28:04Z,mid-server-aws-zabbix-stg-1,53.1,2951596,8011320,36.8,0.92,0.75,0.71,623638,0.1,86524,23
2026-06-03T07:28:09Z,mid-server-aws-zabbix-stg-1,54.8,2951596,8011320,36.8,0.93,0.75,0.71,623638,0.1,86524,23
2026-06-03T07:28:15Z,mid-server-aws-zabbix-stg-1,53.1,2951580,8011320,36.8,0.93,0.76,0.71,623638,0.1,86524,23
2026-06-03T07:28:20Z,mid-server-aws-zabbix-stg-1,54.8,2951580,8011320,36.8,0.94,0.76,0.71,623638,0.1,86524,23
2026-06-03T07:28:25Z,mid-server-aws-zabbix-stg-1,50.0,2951580,8011320,36.8,0.94,0.77,0.72,623638,0.1,86524,23
2026-06-03T07:28:30Z,mid-server-aws-zabbix-stg-1,50.0,2951580,8011320,36.8,0.95,0.77,0.72,623638,0.1,86524,23
2026-06-03T07:28:36Z,mid-server-aws-zabbix-stg-1,50.0,2951580,8011320,36.8,0.95,0.78,0.72,623638,0.1,86524,23
2026-06-03T07:28:41Z,mid-server-aws-zabbix-stg-1,50.0,2951572,8011320,36.8,0.96,0.78,0.72,623638,0.1,86524,23
2026-06-03T07:28:46Z,mid-server-aws-zabbix-stg-1,40.6,2949072,8011320,36.8,0.96,0.78,0.72,623638,0.1,86524,23
2026-06-03T07:28:51Z,mid-server-aws-zabbix-stg-1,3.2,2949072,8011320,36.8,0.96,0.79,0.72,623638,0.1,86524,23
2026-06-03T07:28:56Z,mid-server-aws-zabbix-stg-1,100.0,2949072,8011320,36.8,0.89,0.77,0.72,623638,0.1,86524,23
2026-06-03T07:29:02Z,mid-server-aws-zabbix-stg-1,100.0,2949068,8011320,36.8,0.82,0.76,0.72,623638,0.1,86524,23
2026-06-03T07:29:07Z,mid-server-aws-zabbix-stg-1,3.2,2949068,8011320,36.8,0.69,0.74,0.71,623638,0.1,86524,23
2026-06-03T07:29:12Z,mid-server-aws-zabbix-stg-1,50.0,2949068,8011320,36.8,0.71,0.74,0.71,623638,0.1,86524,23
2026-06-03T07:29:17Z,mid-server-aws-zabbix-stg-1,54.5,2945436,8011320,36.8,0.74,0.74,0.71,623638,0.1,86524,23
2026-06-03T07:29:23Z,mid-server-aws-zabbix-stg-1,53.1,2943664,8011320,36.7,0.76,0.75,0.72,623638,0.1,86524,23
2026-06-03T07:29:28Z,mid-server-aws-zabbix-stg-1,3.2,2943664,8011320,36.7,0.78,0.75,0.72,623638,0.1,86524,23
2026-06-03T07:29:33Z,mid-server-aws-zabbix-stg-1,53.1,2943664,8011320,36.7,0.80,0.76,0.72,623638,0.1,86524,23
2026-06-03T07:29:38Z,mid-server-aws-zabbix-stg-1,53.1,2952616,8011320,36.9,0.81,0.76,0.72,623638,0.1,86524,23
2026-06-03T07:29:43Z,mid-server-aws-zabbix-stg-1,54.8,2949792,8011320,36.8,0.83,0.77,0.72,623638,0.1,86524,23
2026-06-03T07:29:49Z,mid-server-aws-zabbix-stg-1,54.5,2949760,8011320,36.8,0.84,0.77,0.72,623638,0.1,86524,23
2026-06-03T07:29:54Z,mid-server-aws-zabbix-stg-1,54.8,2949760,8011320,36.8,0.86,0.77,0.73,623638,0.1,86524,23
2026-06-03T07:29:59Z,mid-server-aws-zabbix-stg-1,100.0,2949752,8011320,36.8,0.87,0.78,0.73,623638,0.1,86524,23
2026-06-03T07:30:04Z,mid-server-aws-zabbix-stg-1,55.9,2949752,8011320,36.8,0.96,0.80,0.74,623638,0.1,86524,23
2026-06-03T07:30:10Z,mid-server-aws-zabbix-stg-1,51.7,2949752,8011320,36.8,0.96,0.80,0.74,623638,0.1,86524,23
2026-06-03T07:30:15Z,mid-server-aws-zabbix-stg-1,54.5,2949752,8011320,36.8,0.96,0.81,0.74,623638,0.1,86524,23
2026-06-03T07:30:20Z,mid-server-aws-zabbix-stg-1,53.1,2949752,8011320,36.8,0.97,0.81,0.74,623638,0.1,86524,23
2026-06-03T07:30:25Z,mid-server-aws-zabbix-stg-1,53.1,2949752,8011320,36.8,0.97,0.81,0.74,623638,0.1,86524,23
2026-06-03T07:30:31Z,mid-server-aws-zabbix-stg-1,60.0,2949748,8011320,36.8,0.97,0.82,0.74,623638,0.1,86524,23
2026-06-03T07:30:36Z,mid-server-aws-zabbix-stg-1,54.8,2949748,8011320,36.8,0.98,0.82,0.74,623638,0.1,86524,23
2026-06-03T07:30:41Z,mid-server-aws-zabbix-stg-1,51.7,2949744,8011320,36.8,0.98,0.82,0.75,623638,0.1,86524,23
2026-06-03T07:30:46Z,mid-server-aws-zabbix-stg-1,3.2,2947304,8011320,36.8,0.98,0.83,0.75,623638,0.1,86524,23
2026-06-03T07:30:51Z,mid-server-aws-zabbix-stg-1,6.2,2947308,8011320,36.8,0.90,0.81,0.74,623638,0.1,86524,23
2026-06-03T07:30:57Z,mid-server-aws-zabbix-stg-1,6.1,2947308,8011320,36.8,0.83,0.80,0.74,623638,0.1,86524,23
2026-06-03T07:31:02Z,mid-server-aws-zabbix-stg-1,6.2,2947308,8011320,36.8,0.76,0.78,0.73,623638,0.1,86524,23
2026-06-03T07:31:07Z,mid-server-aws-zabbix-stg-1,3.2,2947308,8011320,36.8,0.70,0.77,0.73,623638,0.1,86524,23
2026-06-03T07:31:12Z,mid-server-aws-zabbix-stg-1,53.1,2947304,8011320,36.8,0.67,0.76,0.73,623638,0.1,86524,23
2026-06-03T07:31:17Z,mid-server-aws-zabbix-stg-1,50.0,2943688,8011320,36.7,0.70,0.77,0.73,623638,0.1,86524,23
2026-06-03T07:31:23Z,mid-server-aws-zabbix-stg-1,56.2,2943668,8011320,36.7,0.72,0.77,0.73,623638,0.1,86524,23
2026-06-03T07:31:28Z,mid-server-aws-zabbix-stg-1,100.0,2943668,8011320,36.7,0.83,0.79,0.74,623638,0.1,86524,23
2026-06-03T07:31:33Z,mid-server-aws-zabbix-stg-1,54.8,2942556,8011320,36.7,0.84,0.79,0.74,623638,0.1,86524,23
2026-06-03T07:31:38Z,mid-server-aws-zabbix-stg-1,54.8,2951500,8011320,36.8,0.85,0.80,0.74,623638,0.1,86524,23
2026-06-03T07:31:44Z,mid-server-aws-zabbix-stg-1,56.2,2948700,8011320,36.8,0.87,0.80,0.74,623638,0.1,86524,23
2026-06-03T07:31:49Z,mid-server-aws-zabbix-stg-1,51.6,2947544,8011320,36.8,0.88,0.81,0.74,623638,0.1,86524,23
2026-06-03T07:31:54Z,mid-server-aws-zabbix-stg-1,54.8,2947488,8011320,36.8,0.89,0.81,0.74,623638,0.1,86524,23
2026-06-03T07:31:59Z,mid-server-aws-zabbix-stg-1,54.8,2946320,8011320,36.8,0.90,0.81,0.75,623638,0.1,86524,23
2026-06-03T07:32:05Z,mid-server-aws-zabbix-stg-1,53.1,2946328,8011320,36.8,0.90,0.82,0.75,623638,0.1,86524,23
2026-06-03T07:32:10Z,mid-server-aws-zabbix-stg-1,56.2,2946316,8011320,36.8,0.91,0.82,0.75,623638,0.1,86524,23
2026-06-03T07:32:15Z,mid-server-aws-zabbix-stg-1,54.8,2946316,8011320,36.8,0.92,0.82,0.75,623638,0.1,86524,23
2026-06-03T07:32:20Z,mid-server-aws-zabbix-stg-1,53.1,2946316,8011320,36.8,0.93,0.83,0.75,623638,0.1,86524,23
2026-06-03T07:32:25Z,mid-server-aws-zabbix-stg-1,51.7,2946316,8011320,36.8,0.93,0.83,0.75,623638,0.1,86524,23
2026-06-03T07:32:31Z,mid-server-aws-zabbix-stg-1,54.8,2946312,8011320,36.8,0.94,0.83,0.75,623638,0.1,86524,23
2026-06-03T07:32:36Z,mid-server-aws-zabbix-stg-1,51.7,2946312,8011320,36.8,0.94,0.83,0.76,623638,0.1,86524,23
2026-06-03T07:32:41Z,mid-server-aws-zabbix-stg-1,50.0,2946304,8011320,36.8,0.95,0.84,0.76,623638,0.1,86524,23
2026-06-03T07:32:46Z,mid-server-aws-zabbix-stg-1,45.2,2943864,8011320,36.7,0.95,0.84,0.76,623638,0.1,86524,23
2026-06-03T07:32:52Z,mid-server-aws-zabbix-stg-1,100.0,2943860,8011320,36.7,0.96,0.84,0.76,623638,0.1,86524,23
2026-06-03T07:32:57Z,mid-server-aws-zabbix-stg-1,100.0,2940376,8011320,36.7,0.88,0.83,0.76,623638,0.1,86524,23
2026-06-03T07:33:02Z,mid-server-aws-zabbix-stg-1,100.0,2940376,8011320,36.7,0.81,0.81,0.75,623638,0.1,86524,23
2026-06-03T07:33:07Z,mid-server-aws-zabbix-stg-1,100.0,2940376,8011320,36.7,0.74,0.80,0.75,623638,0.1,86524,23
2026-06-03T07:33:12Z,mid-server-aws-zabbix-stg-1,54.5,2940376,8011320,36.7,0.86,0.82,0.76,623638,0.1,86524,23
2026-06-03T07:33:18Z,mid-server-aws-zabbix-stg-1,53.1,2936748,8011320,36.7,0.88,0.83,0.76,623638,0.1,86524,23
2026-06-03T07:33:23Z,mid-server-aws-zabbix-stg-1,54.8,2936740,8011320,36.7,0.89,0.83,0.76,623638,0.1,86524,23
2026-06-03T07:33:28Z,mid-server-aws-zabbix-stg-1,100.0,2936740,8011320,36.7,0.89,0.83,0.76,623638,0.1,86524,23
2026-06-03T07:33:33Z,mid-server-aws-zabbix-stg-1,53.1,2936740,8011320,36.7,0.90,0.84,0.76,623638,0.1,86524,23
2026-06-03T07:33:39Z,mid-server-aws-zabbix-stg-1,53.1,2937880,8011320,36.7,0.91,0.84,0.76,623638,0.1,86524,23
2026-06-03T07:33:44Z,mid-server-aws-zabbix-stg-1,53.1,2935020,8011320,36.6,0.92,0.84,0.76,623638,0.1,86524,23
2026-06-03T07:33:49Z,mid-server-aws-zabbix-stg-1,53.1,2935008,8011320,36.6,0.93,0.85,0.77,623638,0.1,86524,23
2026-06-03T07:33:54Z,mid-server-aws-zabbix-stg-1,53.1,2935016,8011320,36.6,0.93,0.85,0.77,623638,0.1,86524,23
2026-06-03T07:33:59Z,mid-server-aws-zabbix-stg-1,56.2,2935016,8011320,36.6,0.94,0.85,0.77,623638,0.1,86524,23
2026-06-03T07:34:05Z,mid-server-aws-zabbix-stg-1,53.1,2935016,8011320,36.6,0.94,0.85,0.77,623638,0.1,86524,23
2026-06-03T07:34:10Z,mid-server-aws-zabbix-stg-1,53.1,2935016,8011320,36.6,0.95,0.86,0.77,623638,0.1,86524,23
2026-06-03T07:34:15Z,mid-server-aws-zabbix-stg-1,54.5,2935268,8011320,36.6,0.95,0.86,0.77,623638,0.1,86524,23
2026-06-03T07:34:20Z,mid-server-aws-zabbix-stg-1,51.6,2935268,8011320,36.6,0.96,0.86,0.77,623638,0.1,86524,23
2026-06-03T07:34:26Z,mid-server-aws-zabbix-stg-1,54.8,2935264,8011320,36.6,0.96,0.86,0.78,623638,0.1,86524,23
2026-06-03T07:34:31Z,mid-server-aws-zabbix-stg-1,51.6,2935260,8011320,36.6,0.96,0.87,0.78,623638,0.1,86524,23
2026-06-03T07:34:36Z,mid-server-aws-zabbix-stg-1,51.6,2935512,8011320,36.6,0.97,0.87,0.78,623638,0.1,86524,23
2026-06-03T07:34:41Z,mid-server-aws-zabbix-stg-1,53.1,2935512,8011320,36.6,0.97,0.87,0.78,623638,0.1,86524,23
2026-06-03T07:34:47Z,mid-server-aws-zabbix-stg-1,9.1,2933348,8011320,36.6,0.97,0.87,0.78,623638,0.1,86524,23
2026-06-03T07:34:52Z,mid-server-aws-zabbix-stg-1,100.0,2933328,8011320,36.6,0.89,0.86,0.78,623638,0.1,86524,23
2026-06-03T07:34:57Z,mid-server-aws-zabbix-stg-1,100.0,2933324,8011320,36.6,0.82,0.84,0.77,623638,0.1,86524,23
2026-06-03T07:35:02Z,mid-server-aws-zabbix-stg-1,100.0,2933324,8011320,36.6,0.76,0.83,0.77,623638,0.1,86524,23
2026-06-03T07:35:07Z,mid-server-aws-zabbix-stg-1,3.2,2933572,8011320,36.6,0.70,0.82,0.76,623638,0.1,86524,23
2026-06-03T07:35:13Z,mid-server-aws-zabbix-stg-1,54.8,2933564,8011320,36.6,0.67,0.81,0.76,623638,0.1,86524,23
2026-06-03T07:35:18Z,mid-server-aws-zabbix-stg-1,54.5,2929932,8011320,36.6,0.70,0.81,0.76,623638,0.1,86524,23
2026-06-03T07:35:23Z,mid-server-aws-zabbix-stg-1,61.3,2931192,8011320,36.6,0.72,0.81,0.76,623638,0.1,86524,23
2026-06-03T07:35:28Z,mid-server-aws-zabbix-stg-1,53.1,2931116,8011320,36.6,0.74,0.82,0.77,623638,0.1,86524,23
2026-06-03T07:35:34Z,mid-server-aws-zabbix-stg-1,53.1,2931116,8011320,36.6,0.76,0.82,0.77,623638,0.1,86524,23
2026-06-03T07:35:39Z,mid-server-aws-zabbix-stg-1,56.2,2932260,8011320,36.6,0.78,0.82,0.77,623638,0.1,86524,23
2026-06-03T07:35:44Z,mid-server-aws-zabbix-stg-1,53.1,2929416,8011320,36.6,0.80,0.83,0.77,623638,0.1,86524,23
2026-06-03T07:35:49Z,mid-server-aws-zabbix-stg-1,53.1,2929396,8011320,36.6,0.82,0.83,0.77,623638,0.1,86524,23
2026-06-03T07:35:54Z,mid-server-aws-zabbix-stg-1,54.8,2929392,8011320,36.6,0.83,0.83,0.77,623638,0.1,86524,23
2026-06-03T07:36:00Z,mid-server-aws-zabbix-stg-1,56.2,2929392,8011320,36.6,0.84,0.83,0.77,623638,0.1,86524,23
2026-06-03T07:36:05Z,mid-server-aws-zabbix-stg-1,54.8,2929392,8011320,36.6,0.86,0.84,0.78,623638,0.1,86524,23
2026-06-03T07:36:10Z,mid-server-aws-zabbix-stg-1,53.1,2929392,8011320,36.6,0.87,0.84,0.78,623638,0.1,86524,23
2026-06-03T07:36:15Z,mid-server-aws-zabbix-stg-1,53.1,2929388,8011320,36.6,0.88,0.84,0.78,623638,0.1,86524,23
2026-06-03T07:36:21Z,mid-server-aws-zabbix-stg-1,59.4,2929388,8011320,36.6,0.89,0.85,0.78,623638,0.1,86524,23
2026-06-03T07:36:26Z,mid-server-aws-zabbix-stg-1,51.7,2929892,8011320,36.6,0.90,0.85,0.78,623638,0.1,86524,23
2026-06-03T07:36:31Z,mid-server-aws-zabbix-stg-1,50.0,2929888,8011320,36.6,0.91,0.85,0.78,623638,0.1,86524,23
2026-06-03T07:36:36Z,mid-server-aws-zabbix-stg-1,50.0,2929884,8011320,36.6,0.91,0.86,0.79,623638,0.1,86524,23
2026-06-03T07:36:42Z,mid-server-aws-zabbix-stg-1,54.8,2930892,8011320,36.6,0.92,0.86,0.79,623638,0.1,86524,23
2026-06-03T07:36:47Z,mid-server-aws-zabbix-stg-1,28.1,2931984,8011320,36.6,1.01,0.88,0.79,623638,0.1,86524,23
2026-06-03T07:36:52Z,mid-server-aws-zabbix-stg-1,3.1,2932740,8011320,36.6,0.93,0.86,0.79,623638,0.1,86524,23
2026-06-03T07:36:57Z,mid-server-aws-zabbix-stg-1,3.2,2934504,8011320,36.6,0.93,0.86,0.79,623638,0.1,86524,23
2026-06-03T07:37:02Z,mid-server-aws-zabbix-stg-1,3.2,2934504,8011320,36.6,0.86,0.85,0.79,623638,0.1,86524,23
2026-06-03T07:37:08Z,mid-server-aws-zabbix-stg-1,3.2,2934496,8011320,36.6,0.79,0.84,0.78,623638,0.1,86524,23
2026-06-03T07:37:13Z,mid-server-aws-zabbix-stg-1,65.6,2934488,8011320,36.6,0.83,0.84,0.78,623638,0.1,86524,23
2026-06-03T07:37:18Z,mid-server-aws-zabbix-stg-1,3.2,2931140,8011320,36.6,0.76,0.83,0.78,623638,0.1,86524,23
2026-06-03T07:37:23Z,mid-server-aws-zabbix-stg-1,50.0,2932124,8011320,36.6,0.78,0.83,0.78,623638,0.1,86524,23
2026-06-03T07:37:28Z,mid-server-aws-zabbix-stg-1,53.1,2932120,8011320,36.6,0.72,0.82,0.78,623638,0.1,86524,23
2026-06-03T07:37:34Z,mid-server-aws-zabbix-stg-1,56.2,2932120,8011320,36.6,0.74,0.82,0.78,623638,0.1,86524,23
2026-06-03T07:37:39Z,mid-server-aws-zabbix-stg-1,80.6,2943764,8011320,36.7,0.76,0.82,0.78,623638,0.1,86524,23
2026-06-03T07:37:44Z,mid-server-aws-zabbix-stg-1,56.2,2943760,8011320,36.7,0.78,0.83,0.78,623638,0.1,86524,23
2026-06-03T07:37:49Z,mid-server-aws-zabbix-stg-1,50.0,2943760,8011320,36.7,0.80,0.83,0.78,623638,0.1,86524,23
